Company,Contact,Country,Price,Item

Sleek Styles,+0334802311,Uganda,84988в‚Ѕ,revenue
Salon Suites,+1829416111,Andorra,77313в‚Ѕ,hat
Glow Getter,+25469409425,Swaziland,52289в‚Ѕ,refrigerator
Sophisticated Sewing,+18260725665,Germany,25324в‚Ѕ,drawer
Fashion Fusion,+94179559541,Uganda,53467в‚Ѕ,love
Sophisticated Sewing,+59510032433,Germany,30181в‚Ѕ,administration
Elite Elegance,+71148668369,Bulgaria,44197в‚Ѕ,signature
Glamour Galore,+88338977207,Seychelles,39876в‚Ѕ,agreement
Smart Styles,+75319491894,Cote d'Ivoire,13499в‚Ѕ,tennis
Fashion Forward,+14392928981,Kyrgyzstan,66708в‚Ѕ,signature
Skin Studio,+38827606567,Paraguay,22839в‚Ѕ,height
Crisp Creations,+44777447028,"Congo, Democratic Republic of the",68797в‚Ѕ,pizza
Elite Elegance,+34804324650,Cameroon,51462в‚Ѕ,language
Chic Couture,+28621839107,Morocco,54384в‚Ѕ,homework
Stellar Stitches,+73541456870,Lesotho,10197в‚Ѕ,emphasis
Classy Chic,+8426375739,Bosnia and Herzegovina,99965в‚Ѕ,definition
Glamour Galore,+14138475739,Pakistan,99783в‚Ѕ,affair
Chic Boutique,+62787178612,Nepal,47755в‚Ѕ,classroom
Stylish Silhouettes,+5919447047,Belize,13702в‚Ѕ,organization
Chic Boutique,+39106193727,Albania,14670в‚Ѕ,revenue
Posh Patterns,+21496330178,Honduras,42426в‚Ѕ,revolution
Salon Suites,+22140115305,Colombia,55611в‚Ѕ,concept
Haute Hues,+89689392194,China,84626в‚Ѕ,perception
Sleek Styles,+83262526220,Bahrain,77146в‚Ѕ,dad
Haute Hues,+14730569735,Equatorial Guinea,43370в‚Ѕ,drawer
Modern Maven,+96480575790,Bulgaria,51748в‚Ѕ,dealer
Makeup Maven,+93388030571,Comoros,54345в‚Ѕ,emphasis
Chic Couture,+2356861784,The Bahamas,92602в‚Ѕ,revenue
Modern Maven,+1790016316,Armenia,25984в‚Ѕ,signature
Fine Fabrics,+91272997612,Malta,40361в‚Ѕ,enthusiasm
Trendsetting Tailors,+89681177962,Bosnia and Herzegovina,72483в‚Ѕ,development
Fashion Forward,+55633160973,Slovenia,74131в‚Ѕ,truth
Makeup Maven,+17599078364,"Korea, South",28287в‚Ѕ,mixture
Sophisticated Sewing,+39143367174,Switzerland,47560в‚Ѕ,buyer
Glow Getter,+6232464299,Canada,79918в‚Ѕ,administration
Chic Couture,+35789078754,Kuwait,77606в‚Ѕ,weakness
Trendsetting Tailors,+69843765315,Botswana,21972в‚Ѕ,classroom
Trendy Threads,+26155953066,Papua New Guinea,81482в‚Ѕ,enthusiasm
Posh Patterns,+37222290649,Qatar,98878в‚Ѕ,contract
Crisp Creations,+61805743598,Mali,74939в‚Ѕ,preparation
Lash Lounge,+12888131156,Sweden,36611в‚Ѕ,employee
Sleek Styles,+59318343230,Slovenia,42988в‚Ѕ,perception
Brow Boosters,+88518086233,Vietnam,28742в‚Ѕ,newspaper
Classy Collections,+79581830665,Iceland,32995в‚Ѕ,thanks
Classy Collections,+19494937802,"Congo, Republic of the",47509в‚Ѕ,contract
Nail Nook,+91594669759,Uganda,56357в‚Ѕ,agreement
Elegant Ensembles,+19495626091,Austria,19739в‚Ѕ,payment
Stellar Stitches,+65136677390,Sierra Leone,23600в‚Ѕ,classroom
Dapper Designs,+32687036062,Taiwan,78102в‚Ѕ,enthusiasm
Makeup Maven,+87886100103,Peru,42315в‚Ѕ,passenger
Nail Nook,+10346682310,Cuba,42769в‚Ѕ,refrigerator
Posh Patterns,+4328411516,Liechtenstein,68154в‚Ѕ,maintenance
Nail Nook,+33444034093,Kyrgyzstan,27363в‚Ѕ,family
Sleek Styles,+71526790338,Iceland,39868в‚Ѕ,indication
Chic Boutique,+15796921045,Dominican Republic,45047в‚Ѕ,love
Stellar Stitches,+59401263069,Croatia,99510в‚Ѕ,series
Fine Fabrics,+4398666083,Denmark,36313в‚Ѕ,topic
Smart Styles,+29503331586,Bangladesh,21934в‚Ѕ,selection
Fashion Forward,+96447986189,Lebanon,10725в‚Ѕ,family
Fashion Fusion,+99123300267,Swaziland,89422в‚Ѕ,drawer
Fine Fabrics,+6342164092,Pakistan,37682в‚Ѕ,office
Trendy Threads,+2992950323,Solomon Islands,83948в‚Ѕ,distribution
Fashion Fusion,+18579934459,Honduras,32013в‚Ѕ,passenger
Modish Mannequins,+50116859082,"Korea, South",13857в‚Ѕ,steak
Classy Collections,+85706117447,Cyprus,70769в‚Ѕ,elevator
Body Bliss,+54577475803,Saudi Arabia,36406в‚Ѕ,hat
Smart Styles,+70723926627,Turkey,66102в‚Ѕ,construction
Refined Rags,+90147019699,Spain,33917в‚Ѕ,mode
Classy Collections,+38897577737,The Bahamas,73716в‚Ѕ,signature
Brow Boosters,+66485636896,Sudan,10907в‚Ѕ,administration
Clipper Cuts,+69589453094,Mexico,80637в‚Ѕ,homework
Trendsetting Tailors,+21498910675,Brazil,30841в‚Ѕ,midnight
Body Bliss,+87556911500,Philippines,10113в‚Ѕ,death
Body Bliss,+20231984604,Saint Kitts and Nevis,57613в‚Ѕ,love
Stylish Silhouettes,+4380632095,Iceland,51262в‚Ѕ,drawer
Stellar Stitches,+23455267708,Macedonia,11760в‚Ѕ,contract
Chic Boutique,+5880239607,Libya,69537в‚Ѕ,indication
Haute Hues,+87291970111,Finland,54009в‚Ѕ,oven
Trendsetting Tailors,+6114906153,Singapore,76407в‚Ѕ,weakness
Fashion Forward,+9808063913,Trinidad and Tobago,35299в‚Ѕ,signature
Modern Maven,+96386789793,Belgium,13746в‚Ѕ,opinion
Stellar Stitches,+70601290491,Dominica,99241в‚Ѕ,development
